EB_period,Joining Time (Mean)
1,54.7
100,34.0666666666667
500,48.8333333333333
1000,57.3
1500,76.1666666666667
2048,82.3333333333333
