EB_period,Joining Time (Mean)
1000,57.3
100,34.06666666666667
1500,76.16666666666667
1,54.7
2048,82.33333333333333
500,48.833333333333336
